[
    {
        "FISCAL": {
            "BOLETO BENEFICIO SOCIAL": [
                "BENEFICIO SOCIAL FAMILIAR"
            ],
            "FGTS Digital": [
                "GUIA DO FGTS DIGITAL",
                "GFD"
            ],
            "Simples Nacional": [
                "SIMPLES NACIONAL"
            ]
        },
        "CONTABIL": {
            "RECEITA FEDERAIS": [
                "RECEITAS FEDERAIS"
            ],
            "ICMS": [
                "ICMS",
                "ICMS - ANTECIPACAO PARCIAL"
            ]
        }
    },
    "C:/Users/tauan/OneDrive/Scripts/Bots M\u00e3e/Arquivos privados M\u00e3e/Sentido"
]